"Type","SKU","Name","Published","Is featured?","Visibility in catalog","Short description","Description","Tax status","Tax class","In stock?","Stock","Sold individually?","Weight (kg)","Length (cm)","Width (cm)","Height (cm)","Allow customer reviews?","Sale price","Regular price","Categories","Tags","Shipping class","Images","Is virtual?","Is downloadable?"
"simple","","IA para el Despacho · Itinerario completo","1","0","visible","De la primera petición a los circuitos que trabajan solos. Empiezas sin saber nada y terminas con cinco tareas del despacho que ya no toca nadie.<br><br><strong>30 unidades · 54 horas · 5 circuitos montados en tus propias cuentas.</strong>","<h2>Qué te llevas montado</h2>
<p>No cinco demostraciones vistas: cinco circuitos funcionando en tus cuentas, con tus comunidades, tus categorías y tus plantillas.</p>
<ol>
<li><strong>El correo.</strong> Un asistente lee tu bandeja, clasifica cada mensaje en las categorías de tu despacho, lo archiva en su etiqueta y deja escrito el borrador de respuesta. Se para en Borradores; no envía.</li>
<li><strong>Las llamadas.</strong> Dejas el audio de una llamada en una carpeta y salen el resumen escrito y las tareas repartidas por departamento.</li>
<li><strong>Los documentos.</strong> De una fila de una hoja salen el certificado y la factura, en PDF, enviados por correo y archivados en su carpeta.</li>
<li><strong>Las facturas que llegan.</strong> Las facturas de proveedor que entran por correo se descargan solas y se guardan con un nombre que dice de quién son.</li>
<li><strong>El archivo documental.</strong> Un flujo abre cada factura en PDF, lee el CIF impreso dentro, reconoce la comunidad y la archiva por comunidad y por proveedor.</li>
</ol>

<h2>La regla que atraviesa el itinerario</h2>
<p><strong>La IA prepara; el despacho responde.</strong> Ninguno de los cinco circuitos envía nada sin que una persona lo apruebe. Antes de activar cada circuito defines qué puede hacer, qué datos trata y quién revisa sus resultados.</p>

<h2>El temario</h2>
<p>30 unidades en siete bloques, que se cursan en orden: cada unidad da por montado lo de la anterior.</p>
<table>
<thead><tr><th>Unidades</th><th>Bloque</th><th>Horas</th></tr></thead>
<tbody>
<tr><td>1 – 5</td><td>Fundamentos</td><td>10 h</td></tr>
<tr><td>6 – 10</td><td>Las cuentas y las conexiones</td><td>5 h</td></tr>
<tr><td>11 – 14</td><td>El correo</td><td>8 h</td></tr>
<tr><td>15 – 17</td><td>Las llamadas</td><td>6 h</td></tr>
<tr><td>18 – 21</td><td>Los documentos y las facturas</td><td>8 h</td></tr>
<tr><td>22 – 24</td><td>Vivir con esto</td><td>5 h</td></tr>
<tr><td>25 – 30</td><td>El gestor documental</td><td>12 h</td></tr>
</tbody>
</table>

<h2>Cómo se estudia</h2>
<ul>
<li><strong>La unidad.</strong> 35 pantallas, no un vídeo largo. Explicación, clase grabada y ejercicios que hay que resolver para avanzar.</li>
<li><strong>El ritmo.</strong> Sin plazos. El progreso se guarda y se retoma donde lo dejaste. A una unidad por semana son unos siete meses.</li>
<li><strong>La nota.</strong> 70 sobre 100 por unidad. Prueba de nivel al empezar y test al terminar.</li>
<li><strong>El cierre.</strong> Test de 20 preguntas y un reto final: entregar los circuitos funcionando en tus cuentas.</li>
</ul>

<h2>Qué necesitas</h2>
<p>No hace falta ningún conocimiento técnico, y no se programa nada.</p>
<p>Para los bloques 1 a 6 —24 de las 30 unidades— basta un navegador y una cuenta de correo del despacho. Las demás no hay que traerlas hechas: el curso enseña a crear paso a paso la de Gmail de pruebas, la de Make y la clave de la inteligencia artificial, en el bloque 2, y sus planes gratuitos bastan.</p>
<p>Dos excepciones: la <strong>unidad 21</strong> pide Microsoft 365 de pago, y el <strong>bloque 7</strong> pide Windows con Excel instalado y Power Automate Desktop.</p>
<p><strong>Si trabajas con Mac:</strong> los seis primeros bloques los haces enteros, y son 24 de las 30 unidades. El circuito del bloque 7 no lo podrás montar, porque esa herramienta solo existe para Windows. Te lo decimos antes de que te matricules, no después.</p>

<h2>Quién lo da</h2>
<p><strong>Roberto Díaz</strong>, administrador de fincas en ejercicio y formador en AFCademIA. Automatizó su propio despacho y hoy enseña a otros profesionales a hacer lo mismo. Tutoría por correo con él durante toda la formación.</p>

<h2>Bonificable por FUNDAE</h2>
<p>El itinerario es bonificable a través de la Fundación Estatal para la Formación en el Empleo. Aplica a despachos con trabajadores por cuenta ajena, y el importe que se recupera depende del crédito de formación que tenga cada empresa. Del papeleo nos encargamos nosotros: escríbenos antes de matricularte.</p>","taxable","","1","","1","","","","","0","","1975","","","","","1","0"
